{
  "data_info": {},
  "hatebert_cf": {
    "accuracy": 0.1860986547085202,
    "macro_f1": 0.11225530022764792,
    "macro_precision": 0.1304167646501151,
    "macro_recall": 0.1855925324675325,
    "val_macro_f1": 0.1424312118875264,
    "training_time_seconds": 93.67777967453003,
    "per_class": {
      "hate_race": {
        "precision": 0.0,
        "recall": 0.0,
        "f1": 0.0,
        "support": 112.0
      },
      "hate_religion": {
        "precision": 0.1518987341772152,
        "recall": 0.9642857142857143,
        "f1": 0.2624544349939247,
        "support": 112.0
      },
      "hate_gender": {
        "precision": 0.3829787234042553,
        "recall": 0.32142857142857145,
        "f1": 0.34951456310679613,
        "support": 112.0
      },
      "hate_other": {
        "precision": 0.0,
        "recall": 0.0,
        "f1": 0.0,
        "support": 112.0
      },
      "offensive_non_hate": {
        "precision": 0.13636363636363635,
        "recall": 0.05357142857142857,
        "f1": 0.07692307692307693,
        "support": 112.0
      },
      "neutral_discussion": {
        "precision": 0.37209302325581395,
        "recall": 0.14545454545454545,
        "f1": 0.20915032679738563,
        "support": 110.0
      },
      "counter_speech": {
        "precision": 0.0,
        "recall": 0.0,
        "f1": 0.0,
        "support": 111.0
      },
      "ambiguous": {
        "precision": 0.0,
        "recall": 0.0,
        "f1": 0.0,
        "support": 111.0
      }
    }
  }
}