{
  "data_info": {},
  "hatebert_cf": {
    "accuracy": 0.13228699551569506,
    "macro_f1": 0.04707941403951528,
    "macro_precision": 0.09641119909502263,
    "macro_recall": 0.1328125,
    "val_macro_f1": 0.033555255913253555,
    "training_time_seconds": 31.650620937347412,
    "per_class": {
      "hate_race": {
        "precision": 0.0,
        "recall": 0.0,
        "f1": 0.0,
        "support": 112.0
      },
      "hate_religion": {
        "precision": 0.0,
        "recall": 0.0,
        "f1": 0.0,
        "support": 112.0
      },
      "hate_gender": {
        "precision": 0.0,
        "recall": 0.0,
        "f1": 0.0,
        "support": 112.0
      },
      "hate_other": {
        "precision": 0.2692307692307692,
        "recall": 0.0625,
        "f1": 0.10144927536231885,
        "support": 112.0
      },
      "offensive_non_hate": {
        "precision": 0.0,
        "recall": 0.0,
        "f1": 0.0,
        "support": 112.0
      },
      "neutral_discussion": {
        "precision": 0.0,
        "recall": 0.0,
        "f1": 0.0,
        "support": 110.0
      },
      "counter_speech": {
        "precision": 0.375,
        "recall": 0.02702702702702703,
        "f1": 0.05042016806722689,
        "support": 111.0
      },
      "ambiguous": {
        "precision": 0.12705882352941175,
        "recall": 0.972972972972973,
        "f1": 0.2247658688865765,
        "support": 111.0
      }
    }
  }
}