{
  "ncf": {
    "threshold": 0.5000000000000002,
    "metrics": {
      "accuracy": 0.8004484304932735,
      "precision": 0.7678571428571429,
      "recall": 0.8638392857142857,
      "f1": 0.8130252100840336,
      "auc_roc": 0.8859897844272845,
      "brier": 0.13416685163974762,
      "fpr": 0.2635135135135135,
      "fnr": 0.13616071428571427
    },
    "metrics_fixed_t050": {
      "accuracy": 0.8004484304932735,
      "precision": 0.7678571428571429,
      "recall": 0.8638392857142857,
      "f1": 0.8130252100840336,
      "auc_roc": 0.8859897844272845,
      "brier": 0.13416685163974762,
      "fpr": 0.2635135135135135,
      "fnr": 0.13616071428571427
    },
    "fairness": {
      "demographic_parity_diff": 0.6271599468320779,
      "equalized_odds_diff": 0.589071214071214,
      "eo_fpr_component": 0.43629343629343625,
      "eo_tpr_component": 0.1527777777777778
    },
    "per_group": {
      "race/ethnicity": {
        "fpr": 0.39622641509433965,
        "fnr": 0.16964285714285715,
        "n": 165,
        "n_non_hate": 53,
        "n_hate": 112
      },
      "religion": {
        "fpr": 0.26785714285714285,
        "fnr": 0.10714285714285714,
        "n": 168,
        "n_non_hate": 56,
        "n_hate": 112
      },
      "gender": {
        "fpr": 0.3707865168539326,
        "fnr": 0.09722222222222222,
        "n": 161,
        "n_non_hate": 89,
        "n_hate": 72
      },
      "sexual_orientation": {
        "fpr": 0.15730337078651685,
        "fnr": 0.2,
        "n": 129,
        "n_non_hate": 89,
        "n_hate": 40
      },
      "national_origin/citizenship": {
        "fpr": 0.4117647058823529,
        "fnr": 0.10227272727272728,
        "n": 122,
        "n_non_hate": 34,
        "n_hate": 88
      },
      "disability": {
        "fpr": 0.5714285714285714,
        "fnr": 0.25,
        "n": 23,
        "n_non_hate": 7,
        "n_hate": 16
      },
      "age": {
        "fpr": 0.2,
        "fnr": 0.25,
        "n": 13,
        "n_non_hate": 5,
        "n_hate": 8
      },
      "multiple/none": {
        "fpr": 0.13513513513513514,
        "fnr": null,
        "n": 111,
        "n_non_hate": 111,
        "n_hate": 0
      }
    },
    "bootstrap_ci": {
      "accuracy": {
        "mean": 0.800796711509716,
        "ci_lower": 0.7746636771300448,
        "ci_upper": 0.8262331838565022
      },
      "f1": {
        "mean": 0.8131865077632451,
        "ci_lower": 0.7857923082712786,
        "ci_upper": 0.839127707244212
      },
      "precision": {
        "mean": 0.7675974382786505,
        "ci_lower": 0.7288303986558983,
        "ci_upper": 0.802685546875
      },
      "recall": {
        "mean": 0.8648936742441732,
        "ci_lower": 0.8321907799958839,
        "ci_upper": 0.8954957877408734
      },
      "auc_roc": {
        "mean": 0.886243035418144,
        "ci_lower": 0.8635218399130513,
        "ci_upper": 0.9075505103466289
      },
      "fpr": {
        "mean": 0.2637580859717363,
        "ci_lower": 0.22413255381232292,
        "ci_upper": 0.30430816921954773
      },
      "fnr": {
        "mean": 0.13510632575582682,
        "ci_lower": 0.10450421225912657,
        "ci_upper": 0.167809220004116
      }
    },
    "training": {
      "best_val_f1": 0.8387096774193549,
      "total_time_s": 1435.2178001403809,
      "epochs_run": 8,
      "use_adversarial": false,
      "architecture": "clip_vit_b32"
    }
  },
  "cf_no_adv": {
    "threshold": 0.48000000000000026,
    "metrics": {
      "accuracy": 0.8060538116591929,
      "precision": 0.7495462794918331,
      "recall": 0.921875,
      "f1": 0.8268268268268268,
      "auc_roc": 0.885522240990991,
      "brier": 0.13520461320877075,
      "fpr": 0.3108108108108108,
      "fnr": 0.078125
    },
    "metrics_fixed_t050": {
      "accuracy": 0.8094170403587444,
      "precision": 0.7555147058823529,
      "recall": 0.9174107142857143,
      "f1": 0.8286290322580645,
      "auc_roc": 0.885522240990991,
      "brier": 0.13520461320877075,
      "fpr": 0.29954954954954954,
      "fnr": 0.08258928571428571
    },
    "fairness": {
      "demographic_parity_diff": 0.681942812377595,
      "equalized_odds_diff": 0.5389758019475,
      "eo_fpr_component": 0.44076151623321436,
      "eo_tpr_component": 0.0982142857142857
    },
    "per_group": {
      "race/ethnicity": {
        "fpr": 0.5849056603773585,
        "fnr": 0.09821428571428571,
        "n": 165,
        "n_non_hate": 53,
        "n_hate": 112
      },
      "religion": {
        "fpr": 0.26785714285714285,
        "fnr": 0.07142857142857142,
        "n": 168,
        "n_non_hate": 56,
        "n_hate": 112
      },
      "gender": {
        "fpr": 0.4157303370786517,
        "fnr": 0.05555555555555555,
        "n": 161,
        "n_non_hate": 89,
        "n_hate": 72
      },
      "sexual_orientation": {
        "fpr": 0.21348314606741572,
        "fnr": 0.075,
        "n": 129,
        "n_non_hate": 89,
        "n_hate": 40
      },
      "national_origin/citizenship": {
        "fpr": 0.4117647058823529,
        "fnr": 0.09090909090909091,
        "n": 122,
        "n_non_hate": 34,
        "n_hate": 88
      },
      "disability": {
        "fpr": 0.5714285714285714,
        "fnr": 0.0625,
        "n": 23,
        "n_non_hate": 7,
        "n_hate": 16
      },
      "age": {
        "fpr": 0.4,
        "fnr": 0.0,
        "n": 13,
        "n_non_hate": 5,
        "n_hate": 8
      },
      "multiple/none": {
        "fpr": 0.14414414414414414,
        "fnr": null,
        "n": 111,
        "n_non_hate": 111,
        "n_hate": 0
      }
    },
    "bootstrap_ci": {
      "accuracy": {
        "mean": 0.8061748878923766,
        "ci_lower": 0.7780269058295964,
        "ci_upper": 0.8329596412556054
      },
      "f1": {
        "mean": 0.8266969017292672,
        "ci_lower": 0.7995833261350287,
        "ci_upper": 0.8518580811952323
      },
      "precision": {
        "mean": 0.74938707488788,
        "ci_lower": 0.7095907046476762,
        "ci_upper": 0.7851422081294765
      },
      "recall": {
        "mean": 0.9221659536586847,
        "ci_lower": 0.8947368421052632,
        "ci_upper": 0.9463087248322147
      },
      "auc_roc": {
        "mean": 0.8859010356445044,
        "ci_lower": 0.8636088426947907,
        "ci_upper": 0.9079572911476133
      },
      "fpr": {
        "mean": 0.3106393015744334,
        "ci_lower": 0.2645018139414356,
        "ci_upper": 0.35341712124969
      },
      "fnr": {
        "mean": 0.07783404634131524,
        "ci_lower": 0.053691275167785234,
        "ci_upper": 0.10526315789473684
      }
    },
    "delta_fpr": {
      "race/ethnicity": {
        "fpr_ncf": 0.39622641509433965,
        "fpr_other": 0.5849056603773585,
        "delta_fpr": 0.18867924528301883,
        "direction": "amplified"
      },
      "religion": {
        "fpr_ncf": 0.26785714285714285,
        "fpr_other": 0.26785714285714285,
        "delta_fpr": 0.0,
        "direction": "neutral"
      },
      "gender": {
        "fpr_ncf": 0.3707865168539326,
        "fpr_other": 0.4157303370786517,
        "delta_fpr": 0.0449438202247191,
        "direction": "amplified"
      },
      "sexual_orientation": {
        "fpr_ncf": 0.15730337078651685,
        "fpr_other": 0.21348314606741572,
        "delta_fpr": 0.056179775280898875,
        "direction": "amplified"
      },
      "national_origin/citizenship": {
        "fpr_ncf": 0.4117647058823529,
        "fpr_other": 0.4117647058823529,
        "delta_fpr": 0.0,
        "direction": "neutral"
      },
      "disability": {
        "fpr_ncf": 0.5714285714285714,
        "fpr_other": 0.5714285714285714,
        "delta_fpr": 0.0,
        "direction": "neutral"
      },
      "age": {
        "fpr_ncf": 0.2,
        "fpr_other": 0.4,
        "delta_fpr": 0.2,
        "direction": "amplified"
      },
      "multiple/none": {
        "fpr_ncf": 0.13513513513513514,
        "fpr_other": 0.14414414414414414,