{
  "description": "Validation-set GRL lambda sweep for image models",
  "architectures": [
    "efficientnet_b0",
    "clip_vit_b32"
  ],
  "lambdas": [
    0.1,
    0.3,
    0.5,
    0.7,
    1.0
  ],
  "condition": "cf",
  "device": "cuda",
  "epochs": 1,
  "patience": 1,
  "batch_size": 64,
  "max_train": 0,
  "max_val": 0,
  "runtime_seconds": 1851.47,
  "rows": [
    {
      "architecture": "clip_vit_b32",
      "adv_weight": 0.1,
      "threshold": 0.5600000000000003,
      "val_f1": 0.8329938900203666,
      "val_auc": 0.8858506157163875,
      "val_fpr": 0.28378378378378377,
      "val_fnr": 0.08501118568232663,
      "val_f1_t050": 0.8290258449304175,
      "val_fpr_t050": 0.31981981981981983,
      "val_eo_diff": 1.1133839318770826,
      "val_dp_diff": 0.7718475073313782,
      "train_time_s": 329.6517217159271,
      "best_val_f1": 0.8290258449304175,
      "epochs": 1,
      "patience": 1
    },
    {
      "architecture": "clip_vit_b32",
      "adv_weight": 0.3,
      "threshold": 0.5700000000000003,
      "val_f1": 0.8295218295218295,
      "val_auc": 0.8850948263699941,
      "val_fpr": 0.26126126126126126,
      "val_fnr": 0.10738255033557047,
      "val_f1_t050": 0.8278606965174129,
      "val_fpr_t050": 0.31981981981981983,
      "val_eo_diff": 1.121983039791259,
      "val_dp_diff": 0.7991202346041055,
      "train_time_s": 138.8485128879547,
      "best_val_f1": 0.8278606965174129,
      "epochs": 1,
      "patience": 1
    },
    {
      "architecture": "clip_vit_b32",
      "adv_weight": 0.5,
      "threshold": 0.4400000000000002,
      "val_f1": 0.8288822947576657,
      "val_auc": 0.8788116976036439,
      "val_fpr": 0.32657657657657657,
      "val_fnr": 0.06263982102908278,
      "val_f1_t050": 0.8251028806584362,
      "val_fpr_t050": 0.27927927927927926,
      "val_eo_diff": 0.9820613176777561,
      "val_dp_diff": 0.7354838709677418,
      "train_time_s": 135.8128502368927,
      "best_val_f1": 0.8251028806584362,
      "epochs": 1,
      "patience": 1
    },
    {
      "architecture": "clip_vit_b32",
      "adv_weight": 0.7,
      "threshold": 0.45000000000000023,
      "val_f1": 0.8338368580060423,
      "val_auc": 0.8806633815023076,
      "val_fpr": 0.2972972972972973,
      "val_fnr": 0.0738255033557047,
      "val_f1_t050": 0.8248704663212435,
      "val_fpr_t050": 0.2702702702702703,
      "val_eo_diff": 1.0076647097195042,
      "val_dp_diff": 0.7809384164222873,
      "train_time_s": 135.11259531974792,
      "best_val_f1": 0.8248704663212435,
      "epochs": 1,
      "patience": 1
    },
    {
      "architecture": "clip_vit_b32",
      "adv_weight": 1.0,
      "threshold": 0.5300000000000002,
      "val_f1": 0.8392484342379958,
      "val_auc": 0.8890652397363806,
      "val_fpr": 0.24549549549549549,
      "val_fnr": 0.10067114093959731,
      "val_f1_t050": 0.8341915550978373,
      "val_fpr_t050": 0.268018018018018,
      "val_eo_diff": 0.9544798222880415,
      "val_dp_diff": 0.7759530791788856,
      "train_time_s": 136.7422685623169,
      "best_val_f1": 0.8341915550978373,
      "epochs": 1,
      "patience": 1
    },
    {
      "architecture": "efficientnet_b0",
      "adv_weight": 0.1,
      "threshold": 0.46000000000000024,
      "val_f1": 0.764179104477612,
      "val_auc": 0.8259265977386783,
      "val_fpr": 0.3918918918918919,
      "val_fnr": 0.14093959731543623,
      "val_f1_t050": 0.7611940298507462,
      "val_fpr_t050": 0.30180180180180183,
      "val_eo_diff": 1.0595238095238095,
      "val_dp_diff": 0.49824046920821113,
      "train_time_s": 393.08848094940186,
      "best_val_f1": 0.7611940298507462,
      "epochs": 1,
      "patience": 1
    },
    {
      "architecture": "efficientnet_b0",
      "adv_weight": 0.3,
      "threshold": 0.38000000000000017,
      "val_f1": 0.7633587786259542,
      "val_auc": 0.8223794264062722,
      "val_fpr": 0.4527027027027027,
      "val_fnr": 0.10514541387024609,
      "val_f1_t050": 0.759825327510917,
      "val_fpr_t050": 0.2725225225225225,
      "val_eo_diff": 0.9248206131767776,
      "val_dp_diff": 0.43460410557184753,
      "train_time_s": 111.40207314491272,
      "best_val_f1": 0.759825327510917,
      "epochs": 1,
      "patience": 1
    },
    {
      "architecture": "efficientnet_b0",
      "adv_weight": 0.5,
      "threshold": 0.5400000000000003,
      "val_f1": 0.774331550802139,
      "val_auc": 0.822580970231977,
      "val_fpr": 0.28378378378378377,
      "val_fnr": 0.19015659955257272,
      "val_f1_t050": 0.7697031729785057,
      "val_fpr_t050": 0.34684684684684686,
      "val_eo_diff": 1.119047619047619,
      "val_dp_diff": 0.6023460410557185,
      "train_time_s": 119.15183448791504,
      "best_val_f1": 0.7697031729785057,
      "epochs": 1,
      "patience": 1
    },
    {
      "architecture": "efficientnet_b0",
      "adv_weight": 0.7,
      "threshold": 0.4200000000000002,
      "val_f1": 0.770199370409234,
      "val_auc": 0.8241026261160489,
      "val_fpr": 0.3130630630630631,
      "val_fnr": 0.1789709172259508,
      "val_f1_t050": 0.7406542056074766,
      "val_fpr_t050": 0.2072072072072072,
      "val_eo_diff": 1.0714285714285716,
      "val_dp_diff": 0.5932551319648094,
      "train_time_s": 136.52843737602234,
      "best_val_f1": 0.7406542056074766,
      "epochs": 1,
      "patience": 1
    },
    {
      "architecture": "efficientnet_b0",
      "adv_weight": 1.0,
      "threshold": 0.37000000000000016,
      "val_f1": 0.7713178294573644,
      "val_auc": 0.8316050950279138,
      "val_fpr": 0.42117117117117114,
      "val_fnr": 0.10961968680089486,
      "val_f1_t050": 0.746234067207416,
      "val_fpr_t050": 0.21171171171171171,
      "val_eo_diff": 1.0238095238095237,
      "val_dp_diff": 0.4527859237536657,
      "train_time_s": 116.98343133926392,
      "best_val_f1": 0.746234067207416,
      "epochs": 1,
      "patience": 1
    }
  ]
}